species_name,latitude,longitude,coordinate_uncertainty
Alnus glutinosa,53.523295,-2.6301419999999998,6.0
Alnus glutinosa,53.037265000000005,-0.825083,5.0
Alnus glutinosa,53.778151,-2.215379,3.0
Alnus glutinosa,53.552533999999994,-2.627071,899.0
Alnus glutinosa,53.040065000000006,-0.8214889999999999,5.0
Alnus glutinosa,53.137299,-3.799003,65.0
Alnus glutinosa,53.469747999999996,-3.027664,1.0
Alnus glutinosa,52.440008999999996,-1.9102990000000002,8.0
Alnus glutinosa,53.492206,-2.5369990000000002,2.0
Alnus glutinosa,53.35554499999999,-2.729139,2.0
Alnus glutinosa,53.296963,-0.433958,4.0
Alnus glutinosa,53.725798,-2.672798,2.0
Alnus glutinosa,53.506342000000004,-2.544238,2.0
Alnus glutinosa,53.435625,-2.6827229999999997,2.0
Alnus glutinosa,53.633453,-2.81012,6.0
Alnus glutinosa,53.440234999999994,-2.688352,2.0
Alnus glutinosa,53.43565699999999,-2.682249,4.0
Alnus glutinosa,53.435711,-2.6829509999999996,2.0
Alnus glutinosa,53.730771,-2.673145,2.0
Alnus glutinosa,52.695071,-2.77754,74.0
Alnus glutinosa,52.48790699999999,-2.101191,2.0
Alnus glutinosa,53.403041,-2.8741369999999997,4.0
Alnus glutinosa,52.49189200000001,-2.09758,31.0
Alnus glutinosa,53.354452,-2.843454,1.0
Alnus glutinosa,52.607986,-2.1443779999999997,171.0
Frangula alnus,53.523776,-2.630087,17.0
Frangula alnus,50.34922,-3.818854,4.0
Frangula alnus,51.456654,-2.799204,324.0
Frangula alnus,51.480208000000005,-0.23395900000000003,16.0
Frangula alnus,51.079017,0.461825,8.0
Frangula alnus,51.190220000000004,-2.782683,4.0
Frangula alnus,53.471766,-2.805345,4.0
Frangula alnus,53.471906999999995,-2.804749,4.0
Frangula alnus,53.356955000000006,-2.014218,5.0
Frangula alnus,53.456037,-2.863572,10.0
Frangula alnus,51.941744,-2.4740860000000002,4.0
Frangula alnus,50.890083000000004,-0.983453,175.0
Frangula alnus,53.590025,-2.831493,126.0
Frangula alnus,53.231264,-2.13383,15.0
Frangula alnus,53.232204,-2.1387,31.0
Frangula alnus,52.71374,-1.42931,100.0
Frangula alnus,51.447028,0.158877,88.0
Frangula alnus,50.970224,-0.7073,130.0
Frangula alnus,53.23134,-2.142664,31.0
Frangula alnus,51.071064,0.45766999999999997,94.0
Frangula alnus,52.918966000000005,-2.781523,5.0
Frangula alnus,52.92406,-2.66336,1000.0
Frangula alnus,52.60252,-1.16941,100.0
Frangula alnus,52.31086,0.28913,100.0
Frangula alnus,52.297241,0.414526,1.0
Frangula alnus,52.297677,0.418761,1.0
Frangula alnus,52.298457,0.419275,1.0
Fraxinus excelsior,52.713451,-2.757819,169.0
Fraxinus excelsior,52.711968000000006,-2.744332,151.0
Fraxinus excelsior,53.207066000000005,-4.234474,4.0
Fraxinus excelsior,53.547175,-2.570425,8.0
Fraxinus excelsior,51.44169,-2.529154,9.0
Fraxinus excelsior,53.557928000000004,-2.626087,10.0
Fraxinus excelsior,52.121362,-2.339109,61.0
Fraxinus excelsior,52.952343000000006,-1.117618,10.0
Fraxinus excelsior,53.60290500000001,-2.856188,6.0
Fraxinus excelsior,52.224236,1.270994,40.0
Fraxinus excelsior,53.332889,-2.791303,2.0
Fraxinus excelsior,52.494943000000006,-0.7165189999999999,6.0
Fraxinus excelsior,53.054347,-3.903275,4.0
Fraxinus excelsior,53.374388,-4.408333,4.0
Fraxinus excelsior,52.222423,1.264528,31.0
Fraxinus excelsior,53.755097,-2.717495,8.0
Fraxinus excelsior,53.37785,-2.9401,2.0
Fraxinus excelsior,53.455,-2.624264,5.0
Fraxinus excelsior,53.492116,-2.54357,2.0
Fraxinus excelsior,53.387384999999995,-2.936188,4.0
Fraxinus excelsior,53.719513,-2.65983,2.0
Fraxinus excelsior,53.41361800000001,-2.810279,4.0
Fraxinus excelsior,53.34935600000001,-2.759903,2.0
Fraxinus excelsior,53.608973999999996,-2.968523,33.0
Populus tremula,53.536956999999994,-2.409776,5.0
Populus tremula,53.841414,-2.48466,22.0
Populus tremula,51.588759,-0.06854099999999999,34.0
Populus tremula,53.009701,-4.100126,250.0
Populus tremula,52.64943,-0.6896,100.0
Populus tremula,52.5146,-1.28608,10.0
Populus tremula,51.90483,0.911325,48.0
Populus tremula,53.430878,-2.676545,16.0
Populus tremula,51.06268,0.7337600000000001,10.0
Populus tremula,51.05814,0.73149,10.0
Populus tremula,52.64275,-1.13761,100.0
Populus tremula,52.65616,-1.127,100.0
Populus tremula,52.671319999999994,-1.11043,100.0
Populus tremula,51.384861,-2.367265,5.0
Populus tremula,51.384859999999996,-2.367398,5.0
Populus tremula,50.984101,-0.159553,16.0
Populus tremula,52.48481999999999,-2.3769400000000003,1000.0
Populus tremula,53.699512,-2.637039,5.0
Populus tremula,51.595307,-0.429021,32.0
Populus tremula,51.145982000000004,-2.7027639999999997,4.0
Populus tremula,52.64804,-1.12886,10.0
Populus tremula,53.25724,-3.87526,10000.0
Populus tremula,52.742541,-1.547561,24.0
Populus tremula,52.071155,-1.334851,31.0
Populus tremula,51.957696,-3.3977480000000004,8.0
Fagus sylvatica,53.297540000000005,-4.592678,8.0
Fagus sylvatica,54.19031999999999,-5.8939330000000005,175.0
Fagus sylvatica,53.546043000000004,-2.570105,8.0
Fagus sylvatica,53.43448000000001,-2.811509,48.0
Fagus sylvatica,52.952729000000005,-1.111688,10.0
Fagus sylvatica,51.894982,-2.440354,20.0
Fagus sylvatica,56.185782999999994,-4.050339,8.0
Fagus sylvatica,53.377616,-2.937025,1.0
Fagus sylvatica,53.70936,-2.666137,2.0
Fagus sylvatica,53.446543000000005,-2.768129,4.0
Fagus sylvatica,53.734766,-2.666874,4.0
Fagus sylvatica,54.133023,-2.492653,65.0
Fagus sylvatica,51.408511,-2.237925,6.0
Fagus sylvatica,53.376535,-1.490851,24.0
Fagus sylvatica,54.621244,-5.837478,10.0
Fagus sylvatica,53.74284300000001,-2.66357,15.0
Fagus sylvatica,53.736454,-2.667866,2.0
Betula pubescens,50.867593,-1.559566,10.0
Betula pubescens,53.619698,-3.0359220000000002,202.0
Betula pubescens,57.1684,-5.317819999999999,1000.0
Betula pubescens,57.49188,-3.92596,10.0
Betula pubescens,57.071509999999996,-4.12402,10.0
Betula pubescens,54.375440000000005,-2.45186,10.0
Betula pubescens,51.54786,-0.54243,10.0
Betula pubescens,57.07251,-4.12309,10.0
Betula pubescens,56.20365,-4.74315,10.0
Betula pubescens,57.497319999999995,-3.93459,10.0
Betula pubescens,56.20381999999999,-4.7559,10.0
Betula pubescens,52.93048,1.12669,10.0
Betula pubescens,52.92975,1.13065,10.0
Betula pubescens,57.16356,-3.17861,10.0
Betula pubescens,52.76886,1.19812,10.0
Betula pubescens,56.2055,-4.75295,10.0
Betula pubescens,56.767540000000004,-5.05685,10.0
Betula pubescens,52.38195,-1.60086,10.0
Betula pubescens,57.655730000000005,-3.58485,10.0
Betula pubescens,57.324259999999995,-3.6032699999999998,10.0
Betula pubescens,51.53508,-3.4795599999999998,10.0
Betula pubescens,51.536359999999995,-3.47758,10.0
Betula pubescens,53.423643999999996,-2.814667,2.0
Betula pendula,53.451439,-2.637572,20.0
Betula pendula,51.502516,-2.544184,6.0
Betula pendula,52.230278000000006,1.270623,54.0
Betula pendula,52.984393000000004,-1.137834,10.0
Betula pendula,53.627363,-2.646704,31.0
Betula pendula,51.850542,-1.228675,9.0
Betula pendula,53.50668,-2.5468349999999997,8.0
Betula pendula,54.622935,-5.831878,5.0
Betula pendula,52.487937,-2.100002,15.0
Betula pendula,53.59712,-2.831337,24.0
Betula pendula,53.355624,-2.8453470000000003,1.0
Betula pendula,53.605697,-2.8415529999999998,32.0
Betula pendula,53.622558,-2.862717,263.0
Betula pendula,50.98192,-2.751109,67.0
Betula pendula,53.832603000000006,-2.472014,12.0
Betula pendula,52.59050799999999,-2.141861,392.0
Betula pendula,52.453208,-1.9634939999999999,8.0
Betula pendula,51.235358000000005,-1.4707,5.0
Betula pendula,52.56541,-1.858573,3463.0
Betula pendula,52.463997,-1.950233,8.0
Betula pendula,55.748679,-4.17849,11.0
Betula pendula,51.663763,0.042218,22.0
Betula pendula,52.989084,-1.1462510000000001,9.0
Betula pendula,52.481928,-2.100016,5.0
Betula pendula,52.578793000000005,-2.084365,65.0
Betula pendula,54.830847999999996,-2.233901,4.0
Betula pendula,51.664023,0.041187,357.0
Prunus spinosa,52.951471,-1.111918,10.0
Prunus spinosa,53.399083,-2.9808470000000002,4.0
Prunus spinosa,51.455622,-0.381679,6.0
Prunus spinosa,51.762483,-0.353248,131.0
Prunus spinosa,53.729848,-2.67384,8.0
Prunus spinosa,51.450187,-0.403861,10.0
Prunus spinosa,53.37769,-2.937134,2.0
Prunus spinosa,52.43721,-1.866079,41.0
Prunus spinosa,51.430431,-2.203347,12.0
Prunus spinosa,51.469231,-0.41067299999999995,13.0
Prunus spinosa,50.857124,-0.174731,33.0
Prunus spinosa,53.413844,-2.810753,2.0
Prunus spinosa,52.618995999999996,1.239685,24.0
Prunus spinosa,53.276213,-1.2746790000000001,236.0
Prunus spinosa,51.396297,-2.324912,27.0
Prunus spinosa,53.387416,-2.936352,4.0
Prunus spinosa,50.856783,-0.174996,53.0
Prunus spinosa,53.254204,-3.0290529999999998,176.0
Prunus spinosa,53.44583000000001,-2.894963,5.0
Prunus spinosa,54.376553,-3.056014,32.0
Prunus spinosa,53.505280000000006,-2.5420279999999997,8.0
Prunus spinosa,53.672622,-2.986323,2.0
Prunus spinosa,51.542840999999996,0.5687810000000001,3.0
Prunus spinosa,53.718973999999996,-2.658976,2.0
Buxus sempervirens,53.683094999999994,-2.700184,8.0
Buxus sempervirens,51.587051,-2.265932,2000.0
Buxus sempervirens,53.71979,-2.659697,2.0
Buxus sempervirens,53.383168999999995,-2.9395290000000003,15.0
Buxus sempervirens,51.83488,-0.5999329999999999,4.0
Buxus sempervirens,53.572702,-3.062733,8.0
Buxus sempervirens,53.572329,-3.063257,8.0
Buxus sempervirens,53.360257999999995,-2.878724,4.0
Buxus sempervirens,51.599748,0.17041900000000001,9.0
Buxus sempervirens,50.824762,-0.125592,8.0
Buxus sempervirens,52.891892000000006,-1.145059,6.0
Buxus sempervirens,55.605076000000004,-2.6708060000000002,1299.0
Buxus sempervirens,52.788430000000005,-1.14363,100.0
Buxus sempervirens,53.639242,-2.625714,10.0
Buxus sempervirens,52.418599,0.5177470000000001,395.0
Buxus sempervirens,52.6663,-0.51903,100.0
Buxus sempervirens,52.666990000000006,-1.1327,100.0
Buxus sempervirens,51.266791999999995,-0.31508800000000003,64.0
Buxus sempervirens,51.30617,-1.81425,10.0
Buxus sempervirens,53.38326,-2.938585,2.0
Buxus sempervirens,53.382989,-2.9384740000000003,4.0
Buxus sempervirens,53.877754,-2.167352,11.0
Rhamnus cathartica,51.233439000000004,-1.130017,16.0
Rhamnus cathartica,52.63921,-1.14507,100.0
Rhamnus cathartica,51.14006,-1.4199700000000002,10.0
Rhamnus cathartica,50.861103,-0.104492,10.0
Rhamnus cathartica,51.76726,-1.4761,100.0
Rhamnus cathartica,51.55901,-0.7015600000000001,5.0
Rhamnus cathartica,52.59223000000001,-1.5286899999999999,10.0
Rhamnus cathartica,50.987325,-2.102278,8.0
Rhamnus cathartica,51.441953999999996,-0.09170299999999999,4.0
Rhamnus cathartica,51.712389,-1.9565290000000002,9.0
Rhamnus cathartica,50.692997999999996,-2.039698,5.0
Rhamnus cathartica,52.65048,-0.70287,100.0
Rhamnus cathartica,51.256302000000005,-1.248765,66.0
Rhamnus cathartica,53.345117,-2.771322,8.0
Rhamnus cathartica,53.188384,-0.12403800000000001,8.0
Rhamnus cathartica,51.644624,-1.904109,8.0
Rhamnus cathartica,50.867542,-0.42121499999999995,92.0
Rhamnus cathartica,52.314873999999996,-0.465312,12.0
Rhamnus cathartica,50.841797,-1.117272,88.0
Rhamnus cathartica,54.24426999999999,-0.70089,75.0
Rhamnus cathartica,52.75569,-0.79014,100.0
Rhamnus cathartica,51.559321000000004,-0.15729300000000002,50.0
Rhamnus cathartica,51.118232,-1.330902,8.0
Rhamnus cathartica,51.117259000000004,-1.3302379999999998,2.0
Rhamnus cathartica,52.168293,0.183248,10.0
Rhamnus cathartica,52.104352,-2.171333,5.0
Rhamnus cathartica,51.618805,-1.0320129999999998,6.0
Rhamnus cathartica,52.46139,1.478512,10.0
Prunus padus,53.657844,-2.629942,2.0
Prunus padus,53.435591,-2.6837400000000002,2.0
Prunus padus,53.737667,-2.6748849999999997,8.0
Prunus padus,52.603901,-2.136139,15.0
Prunus padus,53.731001,-2.673221,8.0
Prunus padus,53.737263,-2.6768099999999997,8.0
Prunus padus,52.445579,-1.911763,10.0
Prunus padus,51.560988,-0.163672,217.0
Prunus padus,53.362246,-2.7813369999999997,8.0
Prunus padus,51.560842,-0.163138,4208.0
Prunus padus,51.725169,-1.253888,263.0
Prunus padus,53.477557,-3.008148,30.0
Prunus padus,52.463414,-2.064203,65.0
Prunus padus,53.484398,-2.617801,24.0
Prunus padus,52.923579000000004,-1.0313700000000001,20.0
Prunus padus,53.362131000000005,-2.781967,4.0
Prunus padus,53.362157999999994,-2.781729,4.0
Prunus padus,53.212688,-2.85616,1399.0
Prunus padus,52.49055,-1.9411759999999998,10.0
Prunus padus,53.616787,-2.861878,96.0
Prunus padus,51.346874,-0.39050799999999997,65.0
Prunus padus,50.947466999999996,-1.461881,65.0
Prunus padus,54.560283,-1.349603,4.0
Prunus padus,52.496538,-1.7466869999999999,6.0
Prunus padus,51.531515999999996,-2.53777,62.0
Prunus padus,52.483127,-1.7350599999999998,8.0
Prunus avium,53.35452900000001,-2.7313669999999997,2.0
Prunus avium,53.584625,-2.95382,8.0
Prunus avium,51.44767,-0.386088,33.0
Prunus avium,53.739521999999994,-2.6779490000000004,31.0
Prunus avium,53.394692000000006,-2.8758619999999997,33.0
Prunus avium,50.984542,-2.7538970000000003,45.0
Prunus avium,53.289936,-3.5816269999999997,19.0
Prunus avium,53.440943000000004,-2.867743,65.0
Prunus avium,53.729780000000005,-2.675078,8.0
Prunus avium,53.43946,-2.6863040000000002,2.0
Prunus avium,52.693529000000005,-2.741702,64.0
Prunus avium,51.564677,-0.168019,24.0
Prunus avium,51.432292,-2.203725,12.0
Prunus avium,51.459221,-0.12145999999999998,715.0
Prunus avium,51.444927,-0.394175,6.0
Prunus avium,53.358622,-2.880071,1.0
Prunus avium,51.485062,-2.546418,1147.0
Prunus avium,53.475494999999995,-3.0129080000000004,5.0
Prunus avium,52.495509,-2.091212,15.0
Prunus avium,53.381696999999996,-2.735599,2.0
Prunus avium,53.562354000000006,-2.298768,263.0
Prunus avium,52.581025,-2.183802,89.0
Prunus avium,53.548092000000004,-3.067919,8.0
Malus sylvestris,55.18475,-2.157677,395.0
Malus sylvestris,53.33973,-2.24769,10.0
Malus sylvestris,53.262252000000004,-2.150301,9.0
Malus sylvestris,50.99657,-2.9465,10.0
Malus sylvestris,52.32911,-0.8506,10.0
Malus sylvestris,52.63605,-0.69886,100.0
Malus sylvestris,54.44104,-1.1463,10.0
Malus sylvestris,53.1768,-3.12359,10000.0
Malus sylvestris,51.247411,-0.5629390000000001,24.0
Malus sylvestris,51.199114,-1.492732,31.0
Malus sylvestris,52.65173000000001,-1.2690000000000001,100.0
Malus sylvestris,52.54694,-1.3371,100.0
Malus sylvestris,51.54238,-2.60882,10.0
Malus sylvestris,52.74746999999999,-1.53702,100.0
Malus sylvestris,51.948159999999994,-0.46713999999999994,100.0
Malus sylvestris,53.25724,-3.87526,10000.0
Malus sylvestris,52.36932,-1.64372,10.0
Malus sylvestris,52.364290000000004,-1.64772,10.0
Malus sylvestris,51.99958,-0.70975,10.0
Malus sylvestris,52.782740000000004,-1.0508600000000001,10.0
Malus sylvestris,51.72943,0.55433,1000.0
Malus sylvestris,51.72911,0.5688,1000.0
Malus sylvestris,53.265159999999995,-3.27584,10000.0
Malus sylvestris,53.254780000000004,-4.02506,10000.0
Malus sylvestris,53.84799,-1.05148,1000.0
Cornus sanguinea,53.490403,-2.541906,2.0
Cornus sanguinea,53.383738,-2.9384669999999997,2.0
Cornus sanguinea,53.358332,-2.84545,1.0
Cornus sanguinea,53.383357,-2.7008669999999997,4.0
Cornus sanguinea,53.383281999999994,-2.702048,4.0
Cornus sanguinea,53.383559,-2.697756,8.0
Cornus sanguinea,51.236422,-1.4703,5.0
Cornus sanguinea,52.969384,-1.135274,397.0
Cornus sanguinea,52.497138,-2.0877830000000004,5.0
Cornus sanguinea,50.926659,-0.17574800000000002,7.0
Cornus sanguinea,51.454397,-0.130774,10.0
Cornus sanguinea,52.971516,-1.134491,16.0
Cornus sanguinea,51.476185,-2.543482,14.0
Cornus sanguinea,51.453565000000005,-2.626723,10.0
Cornus sanguinea,53.371621,-2.956179,4.0
Cornus sanguinea,52.558333,-2.1194439999999997,3.0
Cornus sanguinea,52.488202,-2.0996040000000002,15.0
Cornus sanguinea,52.619725,-2.1524970000000003,392.0
Cornus sanguinea,52.607986,-2.1443779999999997,171.0
Cornus sanguinea,53.37220500000001,-2.955595,4.0
Cornus sanguinea,53.444612,-2.892097,291.0
Cornus sanguinea,52.733309999999996,-1.53754,10.0
Cornus sanguinea,52.71541,-2.94145,1000.0
Cornus sanguinea,51.523756,-0.089229,12.0
Cornus sanguinea,53.434602000000005,-3.048953,7.0
Cornus sanguinea,50.733237,-1.268673,16.0
Sambucus nigra,53.273613,-4.565526,9.0
Sambucus nigra,53.477012,-3.014335,16.0
Sambucus nigra,52.64601700000001,-1.380842,5.0
Sambucus nigra,53.366488000000004,-4.265994999999999,1285.0
Sambucus nigra,53.544931999999996,-2.568133,8.0
Sambucus nigra,51.435732,-2.2029549999999998,16.0
Sambucus nigra,53.267247,-4.508785,4.0
Sambucus nigra,53.556568000000006,-2.624945,6.0
Sambucus nigra,50.904553,-0.092803,5.0
Sambucus nigra,53.55134,-2.623944,21.0
Sambucus nigra,53.375827,-2.731832,2.0
Sambucus nigra,51.38655,-2.3497630000000003,5.0
Sambucus nigra,53.333065000000005,-2.794885,4.0
Sambucus nigra,52.493753000000005,-0.714345,8.0
Sambucus nigra,52.952351,-1.1141809999999999,10.0
Sambucus nigra,53.455288,-2.870623,8.0
Sambucus nigra,51.434529,-2.1818310000000003,8.0
Sambucus nigra,51.433913000000004,-2.182594,32.0
Sambucus nigra,55.15319399999999,-1.683935,9.0
Sambucus nigra,53.446543999999996,-2.7660869999999997,4.0
Sambucus nigra,53.355261999999996,-2.7292810000000003,3.0
Sambucus nigra,53.354994,-2.731243,2.0
Ulmus procera,50.82905,-0.17529,10.0
Ulmus procera,52.6577,-1.08683,10.0
Ulmus procera,51.50549,-2.6790700000000003,10.0
Ulmus procera,51.53755,-2.62202,10.0
Ulmus procera,51.54591,-2.60454,10.0
Ulmus procera,51.54714,-2.60946,10.0
Ulmus procera,51.548790000000004,-2.60443,10.0
Ulmus procera,52.652840000000005,-2.8957599999999997,1000.0
Ulmus procera,51.18357,-0.5413600000000001,10.0
Ulmus procera,51.332840000000004,-2.64013,1000.0
Ulmus procera,51.41312,-2.49674,100.0
Ulmus procera,52.01494,1.0828200000000001,10.0
Ulmus procera,51.75336,0.18613,10.0
Ulmus procera,51.32385,-2.64,1000.0
Ulmus procera,51.443540000000006,-2.53016,100.0
Ulmus procera,52.61036,-2.4666200000000003,1000.0
Ulmus procera,51.32948,-0.35516,10.0
Ulmus procera,51.41752,-2.5169200000000003,100.0
Ulmus procera,51.44623,-2.53163,100.0
Ulmus procera,52.77891999999999,1.61474,10.0
Ulmus procera,51.251329999999996,0.92509,10.0
Ulmus procera,51.4987,-2.6474900000000003,100.0
Ulmus procera,52.46519,-2.7300299999999997,1000.0
Ulmus procera,51.50051,-2.6446400000000003,100.0
Ulmus procera,51.493629999999996,-2.5579,10.0
Ulmus procera,51.48157,-2.59649,10.0
Ulmus procera,51.41413,-2.56937,1000.0
Ulmus procera,51.45081,-2.3971299999999998,1000.0
Ulmus glabra,53.748863,-2.712813,4.0
Ulmus glabra,52.59633,-2.158935,783.0
Ulmus glabra,53.831948,-2.473627,22.0
Ulmus glabra,53.727148,-2.672876,4.0
Ulmus glabra,53.379476000000004,-2.870207,1.0
Ulmus glabra,53.882534,-2.3934349999999998,6.0
Ulmus glabra,53.637207,-2.6238810000000004,22.0
Ulmus glabra,52.560974,-2.1551549999999997,14.0
Ulmus glabra,52.607986,-2.1443779999999997,196.0
Ulmus glabra,52.481212,-2.097867,15.0
Ulmus glabra,55.022955,-1.9054400000000002,17.0
Ulmus glabra,52.570822,-2.074357,48.0
Ulmus glabra,55.811868000000004,-4.174676,384.0
Ulmus glabra,51.41552,-2.438911,10.0
Ulmus glabra,52.65512,-2.51145,1000.0
Ulmus glabra,52.71541,-2.94145,1000.0
Ulmus glabra,51.47797,-2.550496,1414.0
Ulmus glabra,51.451893,-2.636258,1351.0
Ulmus glabra,53.47339,-2.7179919999999997,6.0
Ulmus glabra,51.496392,-2.607502,22.0
Ulmus glabra,52.48481999999999,-2.3769400000000003,1000.0
Ulmus glabra,51.522473,-3.2465509999999997,5.0
Ulmus glabra,54.901633,-2.926764,8.0
Ulmus glabra,52.745578,-3.892787,10.0
Ulmus glabra,52.42666,-4.01534,10.0
Ulmus glabra,52.90084,1.3781299999999999,10.0
Viburnum opulus,53.779103000000006,-2.650425,12.0
Viburnum opulus,53.738079000000006,-2.672097,8.0
Viburnum opulus,53.362241000000004,-2.780843,4.0
Viburnum opulus,53.378622,-2.89017,1.0
Viburnum opulus,50.766807,-3.443917,10.0
Viburnum opulus,53.513316,-2.974222,16.0
Viburnum opulus,50.968233000000005,-2.759358,793.0
Viburnum opulus,51.035312,-4.203189,16.0
Viburnum opulus,50.984581,-2.75375,41.0
Viburnum opulus,53.383237,-2.7022619999999997,4.0
Viburnum opulus,53.636905000000006,-2.83638,6.0
Viburnum opulus,51.47422,-2.5756069999999998,8.0
Viburnum opulus,53.499609,-2.545124,67.0
Viburnum opulus,51.235863,-1.469495,5.0
Viburnum opulus,52.603901,-2.136139,25.0
Viburnum opulus,53.371935,-2.956181,8.0
Viburnum opulus,53.07614,-1.253632,274.0
Viburnum opulus,52.531626,-1.9195529999999998,4.0
Viburnum opulus,52.460601000000004,-2.0360400000000003,100.0
Viburnum opulus,52.448344999999996,-1.904538,20.0
Crataegus monogyna,53.207319999999996,-4.235785,4.0
Crataegus monogyna,53.557787,-2.626025,7.0
Crataegus monogyna,55.0151,-1.676346,4.0
Crataegus monogyna,53.33263,-2.790119,2.0
Crataegus monogyna,53.602817,-2.855628,68.0
Crataegus monogyna,53.353190000000005,-2.733914,2.0
Crataegus monogyna,53.378478,-2.937929,1.0
Crataegus monogyna,53.488468000000005,-2.539356,4.0
Crataegus monogyna,53.778338,-2.6517630000000003,24.0
Crataegus monogyna,53.178034999999994,0.19863599999999998,49.0
Crataegus monogyna,53.387524,-2.9363040000000002,4.0
Crataegus monogyna,53.34966800000001,-2.75953,2.0
Crataegus monogyna,53.584286999999996,-2.953638,24.0
Crataegus monogyna,51.557517,-0.231302,4.0
Crataegus monogyna,51.452981,-0.021041,8.0
Crataegus monogyna,53.440625,-2.1801470000000003,9.0
Crataegus monogyna,53.612275,-2.888455,32.0
Crataegus monogyna,53.349524,-2.759586,2.0
Crataegus monogyna,53.75510799999999,-2.719755,16.0
Crataegus monogyna,51.433623,-2.1834189999999998,54.0
Crataegus monogyna,53.435382,-2.683561,2.0
Crataegus monogyna,51.678128,-0.044789999999999996,30.0
Crataegus monogyna,53.65294599999999,-2.169853,30.0
Crataegus monogyna,53.261295,-4.540522,20.0
Crataegus monogyna,53.369325,-2.8680000000000003,2.0
Crataegus monogyna,55.028158999999995,-1.882106,27.0
Crataegus monogyna,53.369048,-2.8443,4.0
Crataegus monogyna,53.605803,-2.835754,29.0
Crataegus laevigata,51.432155,-2.534088,65.0
Crataegus laevigata,52.65675,-0.70121,100.0
Crataegus laevigata,52.60115,-1.10447,100.0
Crataegus laevigata,54.66305,-3.349216,31.0
Crataegus laevigata,52.017036,-0.676412,24.0
Crataegus laevigata,52.16598,-1.48115,10.0
Crataegus laevigata,52.16625,-1.48174,10.0
Crataegus laevigata,52.816959999999995,-0.89676,100.0
Crataegus laevigata,52.6121,-0.57108,100.0
Crataegus laevigata,54.00445799999999,-2.08102,5.0
Crataegus laevigata,53.1132,-0.41071,10.0
Crataegus laevigata,53.118230000000004,-0.40336,10.0
Crataegus laevigata,52.035187,0.737259,16.0
Crataegus laevigata,51.45136,-2.532936,50.0
Crataegus laevigata,53.111990000000006,-0.40776999999999997,10.0
Crataegus laevigata,52.680369999999996,-1.00522,100.0
Crataegus laevigata,52.638740000000006,-1.20715,100.0
Crataegus laevigata,52.558580000000006,-0.7690100000000001,100.0
Crataegus laevigata,52.72909,-1.14183,100.0
Crataegus laevigata,51.72911,0.5688,1000.0
Crataegus laevigata,52.745090000000005,-1.11782,100.0
Crataegus laevigata,53.10861,-0.40326,10.0
Crataegus laevigata,52.737559999999995,-1.54475,10.0
Corylus avellana,53.296976,-4.589698,8.0
Corylus avellana,51.555595000000004,0.816094,9.0
Corylus avellana,51.817591,-1.484053,8.0
Corylus avellana,53.453632999999996,-2.8743380000000003,5.0
Corylus avellana,52.341233,0.514613,5.0
Corylus avellana,53.338333,-1.358333,5.0
Corylus avellana,51.435736999999996,-2.1770009999999997,751.0
Corylus avellana,53.032784,-0.826406,5.0
Corylus avellana,53.544478000000005,-2.56771,7.0
Corylus avellana,53.610655,-2.6575849999999996,18.0
Corylus avellana,51.509596,-0.162882,86.0
Corylus avellana,50.856924,-0.174924,17.0
Corylus avellana,54.66001800000001,-3.3633629999999997,31.0
Corylus avellana,51.502531,-2.5443569999999998,8.0
Corylus avellana,53.840782999999995,-2.486463,773.0
Corylus avellana,52.226861,-0.96321,16.0
Corylus avellana,51.044237,0.341301,20.0
Corylus avellana,51.044013,0.323071,8.0
Corylus avellana,53.555738,-2.622905,7.0
Corylus avellana,53.560678,-3.0746830000000003,13.0
Corylus avellana,53.339137,-2.1005220000000002,8.0
Corylus avellana,52.374678,-1.9963529999999998,16.0
Corylus avellana,54.973868,-1.8237029999999999,27.0
Corylus avellana,53.51195,-2.810931,11.0
Ilex aquifolium,54.904289,-2.01609,5.0
Ilex aquifolium,50.867733,-1.7860919999999998,5.0
Ilex aquifolium,53.263028000000006,-2.906764,600.0
Ilex aquifolium,53.206006,-4.235851,5.0
Ilex aquifolium,55.810128000000006,-3.8469309999999997,24.0
Ilex aquifolium,56.340424,-2.809964,22.0
Ilex aquifolium,51.439705,-2.530391,12.0
Ilex aquifolium,52.540229000000004,-2.8113479999999997,31.0
Ilex aquifolium,53.846037,-2.4867619999999997,24.0
Ilex aquifolium,52.984874,-1.138541,25.0
Ilex aquifolium,52.121362,-2.339109,61.0
Ilex aquifolium,53.373389,-2.7299330000000004,4.0
Ilex aquifolium,52.220667,1.265803,65.0
Ilex aquifolium,53.016679,-1.207125,14.0
Ilex aquifolium,50.948976,-2.738229,135.0
Ilex aquifolium,53.332241,-2.788369,1.0
Ilex aquifolium,53.444605,-2.2934229999999998,2.0
Ilex aquifolium,55.016391000000006,-1.673075,15.0
Ilex aquifolium,51.894019,-2.445236,20.0
Ilex aquifolium,52.719894,-4.045725,57.0
Ilex aquifolium,52.511455000000005,0.684024,30.0
Ilex aquifolium,53.403935,-2.874613,2.0
Ilex aquifolium,53.371230000000004,-3.187825,2.0
Ilex aquifolium,50.940619,-1.511565,33.0
Ilex aquifolium,51.499482,-3.167654,9.0
Carpinus betulus,51.425447,-2.201907,183.0
Carpinus betulus,52.92100799999999,-2.423763,11.0
Carpinus betulus,52.46464,-2.06284,128.0
Carpinus betulus,53.381795999999994,-2.893873,1.0
Carpinus betulus,53.379962,-2.8971270000000002,1.0
Carpinus betulus,53.382099,-2.894002,4.0
Carpinus betulus,53.605945,-2.838967,16.0
Carpinus betulus,53.355229,-2.845036,1.0
Carpinus betulus,53.719258999999994,-2.6931580000000004,2.0
Carpinus betulus,51.792245,-0.519397,14.0
Carpinus betulus,53.368508999999996,-2.8570889999999998,1.0
Carpinus betulus,51.808318,-0.227054,800.0
Carpinus betulus,53.719749,-2.71158,4.0
Carpinus betulus,51.126298,-3.014027,10.0
Carpinus betulus,50.166276,-5.105182,61.0
Carpinus betulus,51.481418,-2.728384,4.0
Carpinus betulus,50.969611,0.350856,32.0
Carpinus betulus,53.380931999999994,-2.873093,4.0
Carpinus betulus,53.378166,-2.852059,20.0
Carpinus betulus,53.073564000000005,-0.7698050000000001,7.0
Carpinus betulus,51.662543,0.038252999999999995,263.0
Carpinus betulus,51.537867999999996,-2.544727,8.0
Carpinus betulus,52.566416000000004,-1.84221,24.0
Carpinus betulus,51.776677,-0.304555,8.0
Carpinus betulus,53.53790600000001,-2.221159,32.0
Carpinus betulus,51.462841999999995,-2.545225,10.0
Carpinus betulus,53.430663,-2.276902,6.0
Juniperus communis,51.69913,-0.8908969999999999,5.0
Juniperus communis,52.945223,-1.001695,13.0
Juniperus communis,54.975593,-1.686725,3.0
Juniperus communis,50.900517,-0.442772,6.0
Juniperus communis,57.16601,-3.18597,10.0
Juniperus communis,57.245272,-3.687425,1173.0
Juniperus communis,51.403669,-1.966811,10.0
Juniperus communis,57.824918999999994,-4.016913,6.0
Juniperus communis,57.324259999999995,-3.6032699999999998,10.0
Juniperus communis,54.557987,-2.931407,175.0
Juniperus communis,53.381795999999994,-2.894768,2.0
Juniperus communis,53.2595,-3.7254300000000002,10000.0
Juniperus communis,52.51428000000001,-1.28601,100.0
Juniperus communis,55.59961,-5.204680000000001,1.0
Juniperus communis,51.495796,-0.178286,10.0
Juniperus communis,57.26054499999999,-3.6560300000000003,6.0
Juniperus communis,56.5372,-4.18874,1000.0
Juniperus communis,56.518080000000005,-4.25266,1000.0
Juniperus communis,57.254780000000004,-3.68761,10.0
Juniperus communis,52.59038,-1.08838,10.0
Juniperus communis,53.347069999999995,-3.8792,10000.0
Juniperus communis,56.634159999999994,-4.9904,1.0
Juniperus communis,56.63443,-4.99019,1.0
Juniperus communis,56.63353000000001,-4.99831,1.0
Juniperus communis,56.633869999999995,-4.99825,1.0
Juniperus communis,56.63346,-4.9985,1.0
Tilia x europaea,53.544713,-2.567662,8.0
Tilia x europaea,52.465235,-2.062869,24.0
Tilia x europaea,53.40715,-2.877077,8.0
Tilia x europaea,52.452256999999996,-2.167008,4.0
Tilia x europaea,52.619725,-2.1524970000000003,392.0
Tilia x europaea,52.446371,-1.895992,926.0
Tilia x europaea,53.373056000000005,-2.9545169999999996,4.0
Tilia x europaea,52.936054000000006,-1.1920620000000002,50.0
Tilia x europaea,51.452487,-2.604375,8.0
Tilia x europaea,51.112769,-4.1779470000000005,65.0
Tilia x europaea,53.441967000000005,-2.8668869999999997,5.0
Tilia x europaea,53.38834,-2.903407,6.0
Tilia x europaea,53.329137,-2.738857,5.0
Tilia x europaea,53.396577,-2.97227,8.0
Tilia x europaea,53.386908999999996,-2.9445240000000004,4.0
Tilia x europaea,53.386520999999995,-2.944994,4.0
Tilia x europaea,53.387106,-2.938416,8.0
Tilia x europaea,53.39773,-2.972194,8.0
Tilia x europaea,53.396589,-2.972212,8.0
Tilia x europaea,53.405128000000005,-2.8754779999999998,6.0
Tilia x europaea,53.381552,-2.888919,8.0
Tilia x europaea,53.42411,-2.814507,2.0
Tilia x europaea,53.384473,-2.940124,4.0
Tilia x europaea,53.408072,-2.836948,4.0
Tilia x europaea,53.381503,-2.7364509999999997,2.0
Tilia platyphyllos,52.48481999999999,-2.3769400000000003,1000.0
Tilia platyphyllos,51.195607,-4.171417,22.0
Tilia platyphyllos,52.74363,-1.1708,10.0
Tilia platyphyllos,52.74363,-1.17066,10.0
Tilia platyphyllos,56.05345,-3.73288,10.0
Tilia platyphyllos,52.71695,-1.2072100000000001,100.0
Tilia platyphyllos,55.858909999999995,-3.19176,1000.0
Tilia platyphyllos,55.85875,-3.2077299999999997,1000.0
Tilia platyphyllos,50.893176000000004,-0.356991,20.0
Tilia platyphyllos,52.72845,-1.23965,10.0
Tilia platyphyllos,51.796714,1.158935,170.0
Tilia platyphyllos,51.65002,-2.94089,10000.0
Tilia platyphyllos,52.4855,-2.37495,10.0
Tilia platyphyllos,51.64877,-3.08541,10000.0
Tilia platyphyllos,52.62216,-2.5139400000000003,10.0
Tilia platyphyllos,51.55745,-3.22748,10000.0
Tilia platyphyllos,51.919709999999995,-2.94652,10000.0
Tilia platyphyllos,51.82982,-2.94464,10000.0
Tilia platyphyllos,51.95694,1.01122,2000.0
Tilia platyphyllos,55.957240000000006,-3.24283,1000.0
Tilia platyphyllos,55.94826,-3.24255,1000.0
Tilia platyphyllos,51.741890000000005,-2.65314,10000.0
Tilia platyphyllos,51.958009999999994,1.02221,100.0
Tilia platyphyllos,51.65198,-2.65184,10000.0
Tilia cordata,53.449245,-2.3107849999999996,197.0
Tilia cordata,51.448848,-0.137602,10.0
Tilia cordata,51.458919,-0.129093,10.0
Tilia cordata,53.42046800000001,-2.273314,8.0
Tilia cordata,53.615125,-2.876933,6.0
Tilia cordata,51.472396999999994,-2.619679,6.0
Tilia cordata,51.457908,-2.543911,4.0
Tilia cordata,53.523283,-2.30203,32.0
Tilia cordata,52.48481999999999,-2.3769400000000003,1000.0
Tilia cordata,53.62556800000001,-2.87014,357.0
Tilia cordata,54.235380000000006,-3.03009,20.0
Tilia cordata,54.180783,-1.082064,2000.0
Tilia cordata,51.187937,0.265243,12.0
Tilia cordata,53.702442000000005,-2.831075,200.0
Tilia cordata,51.485385,-3.2196290000000003,10.0
Tilia cordata,53.355385999999996,-2.1166549999999997,15.0
Tilia cordata,52.633390000000006,-1.10521,10.0
Tilia cordata,53.482624,-2.212112,7.0
Tilia cordata,55.877480000000006,-3.1284,1000.0
Tilia cordata,51.4503,-2.52665,1000.0
Tilia cordata,52.515080000000005,-1.2912299999999999,10.0
Tilia cordata,52.58695,-1.26122,100.0
Tilia cordata,55.85875,-3.2077299999999997,1000.0
Tilia cordata,52.37328,-2.19979,10.0
Tilia cordata,52.38214,-2.21996,10.0
Tilia cordata,52.537980000000005,-1.2725799999999998,10.0
Acer campestre,53.353902000000005,-2.731692,2.0
Acer campestre,53.690084,-2.708856,8.0
Acer campestre,53.3675,-2.840482,1.0
Acer campestre,52.599178,-2.144246,175.0
Acer campestre,52.488383,-2.099538,4.0
Acer campestre,51.367255,-2.303305,2354.0
Acer campestre,52.46683,-2.074089,4.0
Acer campestre,52.692519,-2.781046,16.0
Acer campestre,52.337256,-1.553425,24.0
Acer campestre,52.488197,-2.099638,8.0
Acer campestre,53.35432900000001,-2.8414770000000003,1.0
Acer campestre,53.354379,-2.841935,4.0
Acer campestre,53.362097999999996,-2.782504,2.0
Acer campestre,51.978612,0.770637,6.0
Acer campestre,52.418627,-1.875747,263.0
Acer campestre,53.362737,-2.779932,4.0
Acer campestre,52.696278,-2.739203,65.0
Acer campestre,53.608028000000004,-2.85547,2098.0
Acer campestre,53.378797999999996,-2.892529,4.0
Acer campestre,53.358532999999994,-2.84574,1.0
Acer campestre,51.735776,-2.303113,6.0
Acer campestre,52.156541,0.181721,9.0
Acer campestre,53.212688,-2.85616,1399.0
Acer campestre,53.354471999999994,-2.842701,1.0
Acer campestre,53.35831999999999,-2.845386,1.0
Acer campestre,53.838744999999996,-2.481583,5.0
Acer campestre,53.565625,-3.050794,24.0
Quercus robur,51.444773,-2.162305,16.0
Quercus robur,52.480985,-2.099929,8.0
Quercus robur,53.362813,-2.779391,1.0
Quercus robur,53.378699,-2.891127,8.0
Quercus robur,50.984444,-2.7538080000000003,45.0
Quercus robur,50.984486,-2.753792,47.0
Quercus robur,52.480718,-2.100881,15.0
Quercus robur,51.74818,-1.191508,28.0
Quercus robur,51.806117,-0.537863,10.0
Quercus robur,52.448104,-2.058693,26.0
Quercus robur,51.455760999999995,-2.619637,9.0
Quercus robur,52.951314,-1.1294,10.0
Quercus robur,50.845452,-0.620178,2000.0
Quercus robur,53.412473,-2.076389,20.0
Quercus robur,51.23598,-1.4697129999999998,5.0
Quercus robur,53.391268999999994,-2.8816650000000004,439.0
Quercus robur,52.619725,-2.1524970000000003,392.0
Quercus robur,52.48115799999999,-2.099955,15.0
Quercus robur,53.586165,-2.506832,61.0
Quercus robur,53.508588,-2.970555,12.0
Quercus robur,52.443178,-1.8875560000000002,31.0
Quercus robur,51.530889,-2.545285,3.0
Quercus robur,51.464098,-2.629352,4.0
Quercus robur,51.489081,-2.586049,24.0
Quercus petraea,51.455878999999996,-2.532623,12.0
Quercus petraea,53.718355,-2.660011,8.0
Quercus petraea,51.397758,-0.162096,32.0
Quercus petraea,52.53849,-2.78764,10.0
Quercus petraea,52.07762,-3.59156,10.0
Quercus petraea,52.53986,-2.78383,10.0
Quercus petraea,52.42666,-4.01534,10.0
Quercus petraea,53.25724,-3.87526,10000.0
Quercus petraea,53.263459999999995,-3.4257199999999997,10000.0
Quercus petraea,51.289105,-1.074848,48.0
Quercus petraea,51.46992,-1.57633,10.0
Quercus petraea,53.381201000000004,-2.8902509999999997,2.0
Quercus petraea,51.562056,-3.031453,5.0
Quercus petraea,53.379948,-2.895033,8.0
Quercus petraea,53.366202,-2.838819,8.0
Quercus petraea,55.234828,-2.57895,8.0
Quercus petraea,55.226265000000005,-2.577761,10.0
Quercus petraea,54.80611999999999,-1.66805,10.0
Quercus petraea,53.342236,-2.818778,2.0
Quercus petraea,54.180783,-1.082064,2000.0
Quercus petraea,51.19005,-3.60872,10.0
Quercus petraea,51.19061,-3.6068800000000003,10.0
Quercus petraea,53.1768,-3.12359,10000.0
Quercus petraea,55.918932999999996,-2.8668419999999997,7227.0
Pyrus cordata,55.15363000000001,-3.17849,10000.0
Pyrus cordata,51.831790000000005,-2.65444,10000.0
Pinus sylvestris,53.810616,-1.898439,1100.0
Pinus sylvestris,54.902153000000006,-2.017145,5.0
Pinus sylvestris,52.538789,-2.8107990000000003,105.0
Pinus sylvestris,53.779759,-2.648918,37.0
Pinus sylvestris,57.861953,-5.094689,5.0
Pinus sylvestris,53.425901,-2.2770900000000003,110.0
Pinus sylvestris,52.487896,-2.100114,4.0
Pinus sylvestris,53.38085699999999,-2.7390790000000003,4.0
Pinus sylvestris,52.488028,-2.099879,4.0
Pinus sylvestris,53.865784,-2.507234,11.0
Pinus sylvestris,53.60632,-2.8457169999999996,6.0
Pinus sylvestris,52.631753,1.3532520000000001,40.0
Pinus sylvestris,54.621876,-5.837407,5.0
Pinus sylvestris,52.481825,-2.1008970000000002,15.0
Pinus sylvestris,53.513087,-2.973836,24.0
Pinus sylvestris,52.463429000000005,-1.992275,4.0
Pinus sylvestris,53.60123299999999,-2.397623,31.0
Pinus sylvestris,55.175814,-2.146547,18.0
Pinus sylvestris,53.458436999999996,-2.90923,5.0
Pinus sylvestris,53.852931999999996,-2.990136,8.0
Pinus sylvestris,51.663582,0.042231,22.0
Pinus sylvestris,51.663793,0.042234,357.0
Pinus sylvestris,54.831126,-2.234424,23.0
Pinus sylvestris,55.180517,-2.154569,760.0
Pinus sylvestris,51.527381,-2.554247,343.0
Populus nigra,53.403736,-2.874038,100.0
Populus nigra,53.387313,-2.9342759999999997,8.0
Populus nigra,51.526609,-2.560075,9.0
Populus nigra,53.403429,-2.874603,36.0
Populus nigra,51.05814,0.73149,10.0
Populus nigra,52.61501,-1.15588,100.0
Populus nigra,52.47583,-2.3768599999999998,1000.0
Populus nigra,53.564875,-3.09024,11.0
Populus nigra,53.388495999999996,-2.905222,9.0
Populus nigra,53.387797,-2.9025689999999997,7.0
Populus nigra,53.396186,-2.971559,8.0
Populus nigra,53.38114,-2.937194,8.0
Populus nigra,53.380965,-2.936772,8.0
Populus nigra,53.379881999999995,-2.737009,8.0
Populus nigra,53.380083,-2.737207,2.0
Populus nigra,53.380851,-2.736656,2.0
Populus nigra,53.381268000000006,-2.7374549999999997,2.0
Populus nigra,55.112871999999996,-6.6656059999999995,5.0
Populus nigra,53.405184,-2.877995,4.0
Populus nigra,53.403102000000004,-2.877089,2.0
Populus nigra,53.386003,-2.937721,8.0
Populus nigra,51.477897999999996,-2.57186,10.0
Populus nigra,53.379264,-2.892984,4.0
Populus nigra,53.387076,-2.953093,16.0
Sorbus aucuparia,53.740198,-2.679478,8.0
Sorbus aucuparia,52.482893999999995,-2.0996490000000003,4.0
Sorbus aucuparia,52.482248999999996,-2.096241,8.0
Sorbus aucuparia,53.362301,-2.781101,8.0
Sorbus aucuparia,53.371326,-2.876217,2.0
Sorbus aucuparia,53.363122,-2.782359,4.0
Sorbus aucuparia,51.976208,0.771945,32.0
Sorbus aucuparia,53.354409,-2.842649,2.0
Sorbus aucuparia,53.605725,-2.840062,65.0
Sorbus aucuparia,53.606097,-2.834172,128.0
Sorbus aucuparia,53.354488,-2.843688,4.0
Sorbus aucuparia,53.571261,-3.0502,78.0
Sorbus aucuparia,53.362304,-2.7837549999999998,4.0
Sorbus aucuparia,53.837557999999994,-2.4799450000000003,3.0
Sorbus aucuparia,52.59050799999999,-2.141861,392.0
Sorbus aucuparia,52.47817,-1.746114,500.0
Sorbus aucuparia,53.864380000000004,-2.522184,5.0
Sorbus aucuparia,53.597838,-2.399225,10.0
Sorbus aucuparia,51.5813,-0.1017,20.0
Sorbus aucuparia,53.384174,-2.6956,8.0
Sorbus aucuparia,54.626121,-5.829249,10.0
Sorbus aucuparia,55.448278,-1.9359549999999999,8.0
Sorbus aucuparia,52.480965000000005,-2.1010880000000003,8.0
Sorbus aucuparia,53.591221999999995,-2.845217,12.0
Euonymus europaea,51.229333000000004,-2.502537,6.0
Euonymus europaea,52.231179,1.269982,56.0
Euonymus europaea,51.478012,-2.5202169999999997,64.0
Euonymus europaea,52.971543999999994,-1.1347180000000001,6.0
Euonymus europaea,51.53092,-2.545343,6.0
Euonymus europaea,51.236121999999995,-1.469363,5.0
Euonymus europaea,51.530174,-2.544433,5.0
Euonymus europaea,53.190753,-4.189125,5.0
Euonymus europaea,51.42337,-2.6104700000000003,100.0
Euonymus europaea,51.423320000000004,-2.61155,10.0
Euonymus europaea,51.521776,-0.096677,21.0
Euonymus europaea,51.506745,-2.649985,3.0
Euonymus europaea,52.48481999999999,-2.3769400000000003,1000.0
Euonymus europaea,53.52685,-2.6411759999999997,899.0
Euonymus europaea,50.679296,-1.9914919999999998,6.0
Euonymus europaea,50.85557,-0.17413800000000001,33.0
Euonymus europaea,51.87016,0.6828,22.0
Euonymus europaea,51.778006,-1.359624,5.0
Euonymus europaea,54.59500500000001,-2.622305,5.0
Euonymus europaea,52.365383,1.104502,48.0
Euonymus europaea,52.453451,-0.5992029999999999,65.0
Euonymus europaea,51.238018,-1.1535229999999999,5.0
Euonymus europaea,51.308285999999995,-0.17762999999999998,5.0
Sorbus rupicola,53.35332,-3.4287199999999998,10000.0
Sorbus rupicola,56.505880000000005,-5.5372699999999995,10.0
Sorbus rupicola,53.45,-2.64894,2000.0
Sorbus rupicola,53.37608,-2.94845,2000.0
Sorbus rupicola,55.94633,-3.15265,1.0
Sorbus rupicola,56.512640000000005,-5.5206599999999995,10.0
Sorbus rupicola,51.37149,-0.04978,1.0
Sorbus rupicola,51.587579999999996,0.20171,1.0
Sorbus rupicola,57.370709999999995,-5.99448,10.0
Sorbus rupicola,55.523630000000004,-5.07885,100.0
Sorbus rupicola,51.51655,-0.04142,1.0
Sorbus rupicola,54.18601999999999,-2.81366,2000.0
Sorbus rupicola,54.14986,-2.84357,2000.0
Sorbus rupicola,53.25385,-1.8066099999999998,2000.0
Sorbus rupicola,53.2539,-1.8365900000000002,2000.0
Sorbus rupicola,56.54749,-5.471,10.0
Sorbus rupicola,57.17041999999999,-5.97613,10.0
Sorbus rupicola,57.952360999999996,-4.087098999999999,500.0
Sorbus rupicola,57.17035,-5.9753,10.0
Sorbus rupicola,57.1707,-5.97285,10.0
Sorbus rupicola,57.953173,-4.091811,500.0
Sorbus rupicola,56.719030000000004,-3.74254,100.0
Sorbus rupicola,56.71731,-3.7463,10.0
Sorbus rupicola,56.47492,-5.57597,10.0
Sorbus torminalis,51.664085,0.042418,22.0
Sorbus torminalis,52.484480000000005,-2.102817,15.0
Sorbus torminalis,51.663999999999994,0.04138,357.0
Sorbus torminalis,52.414303000000004,-2.056254,180.0
Sorbus torminalis,51.663843,0.04226,5.0
Sorbus torminalis,51.663947,0.041798,65.0
Sorbus torminalis,51.076336,0.45827399999999996,32.0
Sorbus torminalis,51.477821,-2.642281,20.0
Sorbus torminalis,52.019411,-4.8265720000000005,263.0
Sorbus torminalis,52.723319999999994,-0.5496800000000001,100.0
Sorbus torminalis,51.522078,0.260278,6.0
Sorbus torminalis,51.267033000000005,0.614414,8.0
Sorbus torminalis,51.473240999999994,-2.6499,8.0
Sorbus torminalis,51.073458,0.451308,84.0
Sorbus torminalis,51.050652,0.631781,4.0
Sorbus torminalis,51.355568,0.55284,10.0
Sorbus torminalis,51.73333,0.56107,100.0
Sorbus torminalis,52.78436,-3.0838799999999997,10.0
Sorbus torminalis,52.78445,-3.08403,10.0
Sorbus torminalis,52.72845,-1.23965,10.0
Sorbus torminalis,51.89281,-1.00672,100.0
Sorbus torminalis,52.65585,-0.70123,100.0
Sorbus torminalis,52.55238000000001,-1.3365,10.0
Sorbus torminalis,51.63756,-3.9521900000000003,10000.0
Sorbus torminalis,52.62672,-2.50011,10.0
Sorbus torminalis,52.485409999999995,-2.37377,10.0
Salix pentandra,53.409589000000004,-2.811061,468.0
Salix pentandra,57.475120999999994,-2.837755,42.0
Salix pentandra,52.74475,-1.5326,100.0
Salix pentandra,52.31086,0.28913,100.0
Salix pentandra,52.88991,-2.87649,10.0
Salix pentandra,52.31364,0.28486999999999996,100.0
Salix pentandra,55.88175,-3.56015,1000.0
Salix pentandra,52.30317,0.26819,100.0
Salix pentandra,54.31981999999999,-4.51529,1000.0
Salix pentandra,54.096509999999995,-0.8700399999999999,10.0
Salix pentandra,55.40121,-3.13057,1000.0
Salix pentandra,51.73724,-3.23235,10000.0
Salix pentandra,53.17811999999999,-2.9739999999999998,10000.0
Salix pentandra,55.58628,-3.0327599999999997,2000.0
Salix pentandra,55.39658000000001,-4.1945,10.0
Salix pentandra,55.22809,-6.40559,1000.0
Salix pentandra,52.30728,0.6535,2000.0
Salix pentandra,53.647890000000004,-2.6217200000000003,2000.0
Salix pentandra,54.1335,-2.56775,2000.0
Salix pentandra,53.73743,-2.68368,2000.0
Salix pentandra,55.24719,-3.17237,10.0
Salix pentandra,57.44599,-2.86553,100.0
Salix pentandra,55.7262,-3.41859,2000.0
Salix pentandra,55.81168,-4.53089,1000.0
Salix pentandra,55.04476999999999,-3.65265,1000.0
Salix pentandra,55.59605,-3.40596,1000.0
Salix pentandra,56.14691,-3.77641,1.0
Salix pentandra,55.730419999999995,-3.4426300000000003,1000.0
Salix pentandra,55.77241,-5.07054,1000.0
Salix pentandra,56.67791999999999,-3.03797,1000.0
Salix fragilis,52.619725,-2.1524970000000003,392.0
Salix fragilis,53.435192,-2.292488,35.0
Salix fragilis,53.173171999999994,-1.1818469999999999,10.0
Salix fragilis,53.431227,-2.27905,66.0
Salix fragilis,53.501701000000004,-2.613427,6.0
Salix fragilis,53.474320999999996,-2.484569,5.0
Salix fragilis,53.673545999999995,-2.777535,357.0
Salix fragilis,53.513954000000005,-2.984833,8.0
Salix fragilis,52.696366000000005,-1.411194,6.0
Salix fragilis,52.69592900000001,-1.412998,8.0
Salix fragilis,53.348088,-2.818377,2.0
Salix fragilis,53.38776800000001,-2.7220020000000003,4.0
Salix fragilis,56.14643,-3.9089,1000.0
Salix fragilis,55.88215,-3.52819,1000.0
Salix fragilis,55.88195,-3.54417,1000.0
Salix fragilis,55.957240000000006,-3.24283,1000.0
Salix fragilis,51.63507,-4.0966,10000.0
Salix fragilis,52.58726,-1.17265,100.0
Salix fragilis,52.886276,-0.6819569999999999,40.0
Salix fragilis,55.1326,-3.4602,2000.0
Salix fragilis,56.37189,-3.8553900000000003,1000.0
Salix fragilis,55.5371,-2.67733,100.0
Salix fragilis,55.610569999999996,-2.78734,1000.0
Salix fragilis,54.561721999999996,-1.947389,707.1
Salix fragilis,52.72861999999999,-1.20404,100.0
Salix fragilis,55.51811,-2.39748,2000.0
Salix caprea,53.412523,-3.134208,4.0
Salix caprea,51.902817,-0.672433,9.0
Salix caprea,53.66506999999999,-2.9894830000000003,24.0
Salix caprea,54.364903000000005,-3.064347,6.0
Salix caprea,50.983473,-2.749666,45.0
Salix caprea,52.488608,-2.097475,15.0
Salix caprea,52.491093000000006,-2.098716,4.0
Salix caprea,52.603901,-2.136139,15.0
Salix caprea,50.932959000000004,-3.4983160000000004,5.0
Salix caprea,51.202387,-2.642775,12.0
Salix caprea,51.235388,-1.470867,5.0
Salix caprea,53.634789000000005,-2.633477,24.0
Salix caprea,51.324712,-2.711519,14.0
Salix caprea,53.391268999999994,-2.8816650000000004,439.0
Salix caprea,53.563401,-2.8927680000000002,31.0
Salix caprea,52.972922,-0.6519739999999999,13.0
Salix caprea,53.611829,-2.420728,4.0
Salix caprea,52.021817,-4.901847,24.0
Salix caprea,53.466512,-3.028388,24.0
Salix caprea,50.983635,-0.162994,2104.0
Salix caprea,53.522229,-2.301546,8.0
Salix caprea,52.699052,-1.40553,5.0
Salix caprea,51.06268,0.7337600000000001,10.0
Salix caprea,52.61501,-1.15588,100.0
Salix caprea,52.64921999999999,-1.1626100000000001,100.0
Salix caprea,52.48481999999999,-2.3769400000000003,1000.0
Salix caprea,53.755590000000005,-2.023972,5.0
Salix cinerea subsp. oleifolia,52.48481999999999,-2.3769400000000003,1000.0
Salix cinerea subsp. oleifolia,52.07762,-3.59156,10.0
Salix cinerea subsp. oleifolia,56.27721,-5.01395,1000.0
Salix cinerea subsp. oleifolia,51.257121999999995,-0.5605680000000001,8.0
Salix cinerea subsp. oleifolia,52.95111,-2.64889,1000.0
Salix cinerea subsp. oleifolia,53.84799,-1.05148,1000.0
Salix cinerea subsp. oleifolia,52.87579,-3.10837,1000.0
Salix cinerea subsp. oleifolia,52.6103,-2.48139,1000.0
Salix cinerea subsp. oleifolia,56.6582,-4.98791,1.0
Salix cinerea subsp. oleifolia,56.54111999999999,-4.2876199999999995,10.0
Salix cinerea subsp. oleifolia,56.51339,-3.1957299999999997,10.0
Salix cinerea subsp. oleifolia,56.053169999999994,-3.73415,10.0
Salix cinerea subsp. oleifolia,52.8693,-2.79622,1000.0
Salix cinerea subsp. oleifolia,52.752919999999996,-2.72002,1000.0
Salix cinerea subsp. oleifolia,52.78605,-3.0912599999999997,1000.0
Salix cinerea subsp. oleifolia,52.74394,-2.7198700000000002,1000.0
Salix cinerea subsp. oleifolia,52.787440000000004,-2.92818,1000.0
Salix cinerea subsp. oleifolia,51.53055,-3.47508,10.0
Salix cinerea subsp. oleifolia,51.536359999999995,-3.47758,10.0
Salix cinerea subsp. oleifolia,55.85875,-3.2077299999999997,1000.0
Salix cinerea subsp. oleifolia,56.271930000000005,-5.22357,1000.0
Salix cinerea subsp. oleifolia,56.26254,-5.23893,1000.0
Salix cinerea subsp. oleifolia,56.3999,-5.47757,1000.0
Salix cinerea subsp. oleifolia,56.55724,-5.312930000000001,1000.0
Salix cinerea subsp. oleifolia,56.26211,-5.25505,1000.0
Salix cinerea subsp. oleifolia,54.31981999999999,-4.51529,1000.0
Salix cinerea subsp. oleifolia,54.09208,-4.65442,1000.0
Salix viminalis,53.734727,-2.687493,4.0
Salix viminalis,52.66955,-1.1149,100.0
Salix viminalis,52.48481999999999,-2.3769400000000003,1000.0
Salix viminalis,52.47583,-2.3768599999999998,1000.0
Salix viminalis,53.700016000000005,-2.636693,6.0
Salix viminalis,52.54853000000001,-1.30021,100.0
Salix viminalis,52.708690000000004,-1.5078200000000002,100.0
Salix viminalis,53.25724,-3.87526,10000.0
Salix viminalis,53.606328000000005,-2.83648,6.0
Salix viminalis,52.758959999999995,-0.94416,100.0
Salix viminalis,52.67161,-1.37374,10.0
Salix viminalis,53.1768,-3.12359,10000.0
Salix viminalis,52.804019999999994,-3.09171,1000.0
Salix viminalis,52.6553,-1.12694,10.0
Salix viminalis,55.194931999999994,-1.550359,4.0
Salix viminalis,52.62015,-1.1203299999999998,100.0
Salix viminalis,53.519364,-2.296148,8.0
Salix viminalis,52.314479999999996,0.28785,100.0
Salix viminalis,56.12249,-5.50019,10.0
Salix viminalis,52.67794,-0.58816,100.0
Salix viminalis,52.737930000000006,-1.54534,10.0
Salix viminalis,52.70899,-2.52688,1000.0
Salix viminalis,51.65002,-2.94089,10000.0
Taxus baccata,51.408559000000004,-2.236785,6.0
Taxus baccata,53.845971,-2.469696,14.0
Taxus baccata,50.940915000000004,-1.51142,5.0
Taxus baccata,53.454914,-2.871394,8.0
Taxus baccata,53.682790000000004,-2.703058,8.0
Taxus baccata,53.208544999999994,-3.857158,12.0
Taxus baccata,53.719879000000006,-2.6597009999999996,4.0
Taxus baccata,53.381085999999996,-2.936591,2.0
Taxus baccata,53.387583,-2.936877,4.0
Taxus baccata,53.753111,-2.703208,2.0
Taxus baccata,53.585149,-2.9531099999999997,40.0
Taxus baccata,53.719885,-2.6597779999999998,2.0
Taxus baccata,53.691038,-2.70755,8.0
Taxus baccata,53.436223999999996,-2.682758,2.0
Taxus baccata,53.367298999999996,-2.840678,2.0
Taxus baccata,51.522801,-0.024765000000000002,24.0
Taxus baccata,53.393316000000006,-2.88484,1293.0
Taxus baccata,53.366291000000004,-2.8410860000000002,4.0
Taxus baccata,51.518625,-0.098986,65.0
